Fecha,Pronostico,Limite_Inferior,Limite_Superior,Margen_Error
2023-09-01,457.11756369517974,435.14375342309353,479.09137396726595,43.94762054417242
2023-09-02,457.0537924779562,432.57675596793905,481.5308289879734,48.95407302003434
2023-09-03,456.9933598442292,430.1143115168728,483.87240817158556,53.758096654712745
2023-09-04,456.93609101076186,427.7343011224463,486.1378808990774,58.40357977663109
2023-09-05,456.8818203446591,425.4219851886974,488.3416555006208,62.91967031192337
2023-09-06,456.8303908843241,423.1670946740063,490.4936870946419,67.32659242063562
2023-09-07,456.7816538854943,420.9622186530785,492.6010891179101,71.6388704648316
2023-09-08,456.73546839104284,418.80185065587085,494.66908612621484,75.86723547034399
2023-09-09,456.691700823303,416.6817954575065,496.7016061890995,80.019810731593
2023-09-10,456.6502245977344,414.5987849160431,498.7016642794257,84.10287936338261
2023-09-11,456.61091975681563,412.55022089299115,500.6716186206401,88.12139772764897
2023-09-12,456.57367262310305,410.53399848441086,502.61334676179524,92.07934827738438
2023-09-13,456.5383754704527,408.5483816790172,504.5283692618882,95.97998758287099
2023-09-14,456.50492621245525,406.5919141949615,506.417938229949,99.82602403498754
2023-09-15,456.4732281071812,404.66335448364885,508.2831017307136,103.61974724706477
2023-09-16,456.4431894773845,402.7616276763643,510.12475127840474,107.36312360204045
2023-09-17,456.4147234453531,400.8857896203956,511.9436572703106,111.05786764991501
2023-09-18,456.3877476816416,399.03499967555786,513.7404956877253,114.70549601216749
2023-09-19,456.362184166958,397.2084999451983,515.5158683887176,118.30736844351935
2023-09-20,456.33795896651634,395.40559928993355,517.2703186430991,121.86471935316558
2023-09-21,456.3150020162025,393.625660933972,519.0043430984331,125.37868216446111
2023-09-22,456.29324691993486,391.86809279526057,520.7184010446092,128.85030824934864
2023-09-23,456.2726307576334,390.13233989786465,522.4129216174022,132.2805817195375
2023-09-24,456.2530939032426,388.4178783877657,524.0883094187195,135.6704310309538
2023-09-25,456.2345798522807,386.724210791356,525.7449489132055,139.0207381218495
2023-09-26,456.21703505841765,385.05086224255433,527.383207874281,142.33234563172664
2023-09-27,456.2004087786083,383.39737746869906,529.0034400885174,145.60606261981837
2023-09-28,456.1846529263334,381.763318373435,530.6059874792318,148.84266910579674
2023-09-29,456.169721932524,380.14826209108855,532.1911817739594,152.0429196828709
2023-09-30,456.15557261376625,378.55179941461915,533.7593458129134,155.2075463982942
2023-10-01,456.14216404740665,376.97353352037936,535.3107945744339,158.33726105405452
2023-10-02,456.12945745319547,375.41307892922373,536.8458359771672,161.43275704794348
2023-10-03,456.11741608112646,373.87006065616123,538.3647715060918,164.49471084993053
2023-10-04,456.1060051051486,372.3441135106206,539.8678966996765,167.5237831890559
2023-10-05,456.0951915224421,370.8348815171412,541.3555015277431,170.52062001060187
2023-10-06,456.0849440579679,369.3420174324028,542.827870683533,173.48585325113015
2023-10-07,456.0752330740136,367.86518233933623,544.285283808691,176.4201014693548
2023-10-08,456.0660304844758,366.4040453028881,545.7280156660635,179.32397036317536
2023-10-09,456.05730967362894,364.9582830750691,547.1563362721887,182.19805319711958
2023-10-10,456.0490454191477,363.5275798393573,548.5705109989382,185.04293115958086
2023-10-11,456.041213819159,362.1116269864833,549.9708006518347,187.85917366535136
2023-10-12,456.03379222311264,360.71012291519804,551.3574615310272,190.64733861582914
2023-10-13,456.02675916627186,359.3227728528882,552.7307454796555,193.40797262676733
2023-10-14,456.02009430763275,357.949288691924,554.0908999233415,196.14161123141747
2023-10-15,456.013778371094,356.5893888384492,555.4381679037388,198.84877906528953
2023-10-16,456.0077930897068,355.242798070987,556.7727881084267,201.52999003743963
2023-10-17,456.0021211528429,353.90924740677343,558.0949948989123,204.1857474921389
2023-10-18,455.996746156129,352.58847397416616,559.4050183380918,206.8165443639257
2023-10-19,455.9916525540019,351.280220889826,560.7030842181778,209.42286332835175
2023-10-20,455.98682561474783,349.984237139654,561.9894140898416,212.0051769501876
2023-10-21,455.9822513778951,348.70027746269466,563.2642252930956,214.56394783040093
2023-10-22,455.97791661383803,347.4281022374013,564.5277309902748,217.0996287528735
2023-10-23,455.9738087855738,346.1674773698056,565.780140201342,219.61266283153634
2023-10-24,455.9699160124433,344.91817418325513,567.0216578416315,222.10348365837638
2023-10-25,455.9662270357698,343.679969309472,568.2524847620675,224.5725154525955
2023-10-26,455.9627311862966,342.45264458076684,569.4728177918264,227.02017321105956
2023-10-27,455.95941835332934,341.235986923294,570.6828497833648,229.44686286007078
2023-10-28,455.956278955494,340.0297882512864,571.8827696597016,231.8529814084152
2023-10-29,455.95330391302554,338.83384536223934,573.0727624638117,234.23891710157238
2023-10-30,455.9504846215074,337.6479598330404,574.2530094099745,236.60504957693416
2023-10-31,455.94781292698593,336.471937917064,575.4236879369079,238.95175001984387
2023-11-01,455.94528110238736,335.30559044226226,576.5849717625125,241.27938132025025
2023-11-02,455.9428818251697,334.1487327102929,577.7370309400466,243.58829822975366
2023-11-03,455.94060815614444,333.0011843967342,578.8800319155547,245.87884751882052
2023-11-04,455.938453519407,331.8627694524374,580.0141375863766,248.15136813393917
2023-11-05,455.936411683318,330.733316006071,581.1395073605651,250.40619135449407
2023-11-06,455.93447674247994,329.612656267909,582.2562972170509,252.6436409491419
2023-11-07,455.9326431006578,328.50062643491583,583.3646597663998,254.86403333148394
2023-11-08,455.9309054545935,327.39706659717535,584.4647443120117,257.06767771483635
2023-11-09,455.9292587786679,326.30182064571136,585.5566969116244,259.254876265913
2023-11-10,455.9276983103655,325.21473618173945,586.6406604389915,261.42592425725206
2023-11-11,455.92621953650064,324.1356644273906,587.7167746456107,263.5811102182201
2023-11-12,455.92481818016415,323.064460137937,588.7851762223913,265.72071608445435
2023-11-13,455.9234901883539,322.0009815155521,589.8459988611557,267.84501734560365
2023-11-14,455.92223172025257,320.9450901246274,590.8993733158777,269.9542831912503
2023-11-15,455.9210391361192,319.8966508086686,591.9454274635698,272.0487766549012
2023-11-16,455.9199089867625,318.85553160878476,592.9842863647402,274.12875475595547
2023-11-17,455.918838003565,317.8216036837857,594.0160723233442,276.1944686395585
2023-11-18,455.9178230890296,316.79474123189414,595.040904946165,278.2461637142709
2023-11-19,455.91686130782085,315.77482141407717,596.0589012015646,280.2840797874874
2023-11-20,455.9159498782756,314.7617242790011,597.0701754775502,282.30845119854905
2023-11-21,455.9150861643578,313.75533268960413,598.0748396391114,284.31950694950723
2023-11-22,455.91426766803426,312.75553225128544,599.0730030847831,286.3174708334976
2023-11-23,455.9134920220504,311.76221124170127,600.0647728023995,288.3025615606982
2023-11-24,455.91275698308317,310.7752605421589,601.0502534240075,290.27499288184856
2023-11-25,455.9120604252533,309.7945735705962,602.0295472799104,292.2349737093142
2023-11-26,455.9114003339764,308.8200462161316,603.0027544518213,294.1827082356897
2023-11-27,455.9107748001369,307.85157677516975,603.969972825104,296.1183960499343
2023-11-28,455.91018201456603,306.8890658890436,604.9312981400885,298.04223225104494
2023-11-29,455.9096202628096,305.9324164831737,605.8868240424455,299.9544075592718
2023-11-30,455.9090879201695,304.98153370772525,606.8366421326137,301.8551084248885
2023-12-01,455.9085834470045,304.03632487973846,607.7808420142705,303.7445171345321
2023-12-02,455.9081053842776,303.0966994267117,608.7195113418434,305.62281191513165
2023-12-03,455.90765234933593,302.1625688316121,609.6527358670598,307.49016703544777
2023-12-04,455.90722303191205,301.233846579289,610.5805994845351,309.34675290524615
2023-12-05,455.9068161903343,300.31044810426636,611.5031842764023,311.19273617213594
2023-12-06,455.9064306479357,299.39229073988577,612.4205705559856,313.0282798160998
2023-12-07,455.9060652896506,298.47929366877685,613.3328369105243,314.85354324174745
2023-12-08,455.90571905879,297.5713778746256,614.2400602429543,316.6686823683287
2023-12-09,455.9053909539851,296.66846609521644,615.1423158127537,318.4738497175373
2023-12-10,455.9050800262914,295.7704827767192,616.0396772758636,320.2691944991444
2023-12-11,455.9047853764439,294.87735402919475,616.932216723693,322.0548626944983
2023-12-12,455.90450615225643,293.98900758329245,617.8200047212204,323.8309971379279
2023-12-13,455.9042415461569,293.105372748112,618.7031103442018,325.5977375960898
2023-12-14,455.9039907928518,292.2263803702032,619.5816012155004,327.35522084529725
2023-12-15,455.90375316711237,291.3519627936762,620.4555435405485,329.10358074687235
2023-12-16,455.90352798167766,290.4820538213969,621.3250021419584,330.8429483205615
2023-12-17,455.9033145852664,289.61658867724003,622.1900404932928,332.5734518160528
2023-12-18,455.90311236069357,288.7555039693747,623.0507207520125,334.2952167826378
2023-12-19,455.9029207230854,287.8987376545561,623.9071037916146,336.00836613705854
2023-12-20,455.90273911818764,287.0462290033987,624.7592492329766,337.71302022957786
2023-12-21,455.9025670207627,286.19791856660544,625.6072154749199,339.4092969083145
2023-12-22,455.9024039330705,285.35374814212776,626.4510597240132,341.0973115818855
2023-12-23,455.90224938342885,284.51366074323414,627.2908380236236,342.7771772803894
2023-12-24,455.9021029248494,283.6776005674607,628.1266052822381,344.4490047147774
2023-12-25,455.9019641337446,282.8455129664228,628.9584153010665,346.11290233464365
2023-12-26,455.90183260870305,282.0173444164632,629.7863208009429,347.76897638447974
2023-12-27,455.90170796932796,281.19304249011464,630.6103734485413,349.41733095842665
2023-12-28,455.9015898551374,280.37255582835564,631.4306238819191,351.0580680535635
2023-12-29,455.90147792452154,279.55583411363637,632.2471217354067,352.69128762177036
2023-12-30,455.90137185375477,278.74282804365504,633.0599156638546,354.3170876201995
2023-12-31,455.9012713360592,277.9334893058624,633.869053366256,355.93556406039363
2024-01-01,455.9011760807177,277.1277705526762,634.6745816087591,357.5468110560829
2024-01-02,455.9010858122326,276.3256253773841,635.4765462470812,359.1509208696971
2024-01-03,455.9010002695297,275.5270082907167,636.2749922483426,360.74798395762593
2024-01-04,455.90091920520223,274.7318746980716,637.0699637123329,362.3380890142613
2024-01-05,455.900842384796,273.94018087736964,637.8615038922223,363.9213230148527
2024-01-06,455.90076958613116,273.15188395752716,638.6496552147352,365.497771257208
2024-01-07,455.9007005986594,272.3669418975238,639.434459299795,367.06751740227116
2024-01-08,455.90063522285516,271.5853134660524,640.2159569796579,368.6306435136055
2024-01-09,455.9005732696386,270.806958221731,640.9941883175461,370.1872300958151
2024-01-10,455.9005145598286,270.0318364938636,641.7691926257936,371.73735613193
2024-01-11,455.9004589236247,269.25990936373205,642.5410084835173,373.28109911978527
2024-01-12,455.90040620011587,268.4911386464048,643.3096737538269,374.8185351074221
2024-01-13,455.9003562368153,267.72548687304743,644.0752256005832,376.34973872753574
2024-01-14,455.90030888921905,266.96291727371954,644.8377005047186,377.874783230999
2024-01-15,455.9002640203885,266.20339376064567,645.5971342801313,379.3937405194856
2024-01-16,455.9002215005539,265.4468809119451,646.3535620891628,380.9066811772177
2024-01-17,455.9001812067396,264.6933439558076,647.1070184576715,382.4136745018639
2024-01-18,455.90014302240775,263.94274875510257,647.8575372897129,383.91478853461035
2024-01-19,455.9001068371216,263.19506179240824,648.6051518818349,385.41009008942666
2024-01-20,455.9000725462261,262.45025015544945,649.3498949370028,386.8996447815533
2024-01-21,455.9000400505452,261.7082815229319,650.0917985781585,388.38351705522666
2024-01-22,455.9000092560949,260.96912415076076,650.830894361429,389.8617702106683
2024-01-23,455.89998007381143,260.23274685863305,651.5672132889898,391.33446643035677
2024-01-24,455.89995241929387,259.4991190169933,652.3007858215944,392.80166680460115
2024-01-25,455.89992621255976,258.76821053434054,653.0316418907789,394.2634313564384
2024-01-26,455.89990137781405,258.0399918448777,653.7598109107504,395.7198190658727
2024-01-27,455.8998778432297,257.31443389649274,654.4853217899667,397.170887893474
2024-01-28,455.89985554074,256.59150813906206,655.208202942418,398.6166948033559
2024-01-29,455.8998344058417,255.87118651306668,655.9284822986167,400.05729578555
2024-01-30,455.89981437740846,255.15344143851237,656.6461873163046,401.49274587779223
2024-01-31,455.899795397514,254.43824580414457,657.3613449908835,402.9230991867389
2024-02-01,455.8997774112648,253.72557295694955,658.07398186558,404.3484089086304
2024-02-02,455.89976036664086,253.01539669193366,658.784124041348,405.76872734941435
2024-02-03,455.89974421434584,252.30769124217264,659.4917971865191,407.18410594434647
2024-02-04,455.89972890766404,251.60243126912263,660.1970265462055,408.5945952770829
2024-02-05,455.8997144023255,250.89959185318625,660.8998369514647,410.00024509827847
2024-02-06,455.89970065637795,250.1991484845251,661.6002528282309,411.40110434370575
2024-02-07,455.8996876300653,249.5010770541129,662.2982982060176,412.79722115190475
2024-02-08,455.8996752857128,248.8053538450211,662.9939967264045,414.1886428813834
2024-02-09,455.8996635876182,248.11195552393116,663.6873716513053,415.5754161273741
2024-02-10,455.89965250194825,247.4208591328665,664.37844587103,416.95758673816346
2024-02-11,455.899641996641,246.73204208113776,665.0672419121443,418.3351998310065
2024-02-12,455.89963204131294,246.04548213749558,665.7537819451303,419.7082998076347
2024-02-13,455.89962260717135,245.36115742248464,666.438087791858,421.0769303693734
2024-02-14,455.8996136669308,244.67904640099312,667.1201809328685,422.4411345318754
2024-02-15,455.8996051947343,243.99912787499238,667.8000825144762,423.80095463948385
2024-02-16,455.8995971660786,243.3213809764612,668.477813355696,425.15643237923473
2024-02-17,455.8995895577432,242.64578516048908,669.1533939549972,426.50760879450814
2024-02-18,455.89958234772325,241.97232019855392,669.8268444968926,427.8545242983387
2024-02-19,455.89957551516596,241.30096617196872,670.4981848583632,429.1972186863944
2024-02-20,455.8995690403102,240.6317034654931,671.1674346151274,430.5357311496343
2024-02-21,455.89956290442944,239.9645127611043,671.8346130477546,431.8701002866503
2024-02-22,455.8995570897775,239.29937503192332,672.4997391476317,433.20036411570834
2024-02-23,455.89955157953716,238.63627153629204,673.1628316227823,434.52656008649024
2024-02-24,455.8995463577718,237.97518381199743,673.8239089035461,435.84872509154866
2024-02-25,455.8995414093789,237.31609367063746,674.4829891481204,437.16689547748297
2024-02-26,455.89953672004685,236.6589831921261,675.1400902479676,438.48110705584145
2024-02-27,455.8995322762131,236.00383471933293,675.7952298330933,439.7913951137604
